,decrypted_col
0,ffd8ffe000104a464946000101000001
1,00010000ffdb00430008060607060508
2,0707070909080a0c140d0c0b0b0c1912
3,130f141d1a1f1e1d1a1c1c20242e2720
4,222c231c1c2837292c30313434341f27
5,393d38323c2e333432ffdb0043010909
6,090c0b0c180d0d1832211c2132323232
7,32323232323232323232323232323232
8,32323232323232323232323232323232
9,3232323232323232323232323232ffc0
10,00110800800080030122000211010311
11,01ffc4001f0000010501010101010100
12,00000000000000010203040506070809
13,0a0bffc400b510000201030302040305
14,0504040000017d010203000411051221
15,31410613516107227114328191a10823
16,42b1c11552d1f02433627282090a1617
17,18191a25262728292a3435363738393a
18,434445464748494a535455565758595a
19,636465666768696a737475767778797a
20,838485868788898a9293949596979899
21,9aa2a3a4a5a6a7a8a9aab2b3b4b5b6b7
22,b8b9bac2c3c4c5c6c7c8c9cad2d3d4d5
23,d6d7d8d9dae1e2e3e4e5e6e7e8e9eaf1
24,f2f3f4f5f6f7f8f9faffc4001f010003
25,01010101010101010100000000000001
26,02030405060708090a0bffc400b51100
27,02010204040304070504040001027700
28,01020311040521310612415107617113
29,22328108144291a1b1c109233352f015
30,6272d10a162434e125f11718191a2627
31,28292a35363738393a43444546474849
32,4a535455565758595a63646566676869
33,6a737475767778797a82838485868788
34,898a92939495969798999aa2a3a4a5a6
35,a7a8a9aab2b3b4b5b6b7b8b9bac2c3c4
36,c5c6c7c8c9cad2d3d4d5d6d7d8d9dae2
37,e3e4e5e6e7e8e9eaf2f3f4f5f6f7f8f9
38,faffda000c03010002110311003f00f7
39,fa28a2800a28a28012b174ef13d86a7e
40,23d5344b5667b8d356333be3e5cbeef9
41,47a91b79fae3d6b4eeee16d2d26b8704
42,ac48d2301e8067fa578b7c3ebd7d23c5
43,d0cb7b2f37b0cd1de4cce02f9d932ee3
44,9f713727d454b924d23395451924fa9e
45,e14d2c01193d7a5790f883e2a6a3a997
46,83c2691c169caff6a5ca64b9f58a33d4
47,0fef3707d38ac6f0569777ad7c48b1bb
48,d4750bdd466b347bc9a49e42550e3622
49,a81c282598e3fd8a5cf1bd85eda1cfc8
50,9ea7bd51451566a14514500145145001
51,45145002552d4355d3f49b7fb46a17b0
52,5ac44e034d20504fa0cf53ec2adb8cae
53,338f715e39e24f056b5617925f95b9d5
54,c1ce6e93324c07a14ebd31c20c75385e
55,95326d2bad4ceacdc6374ae74d7ff14e
56,c50e34bd3ae6f339c492fee13ff1e05c
57,7fdf15cd5dfc53d6f7b2f9ba4d9e4f08
58,632ecbff00022e01ff00be6b8eba9ad6
59,dcb8bc648de35dcf0cc0ab28e9ca1e7f
60,4aad1c53dd9cc486c6023002a012bf1f
61,920f6e4f1dab95d69fa1e64b1555efa1
62,d7dc7c47f10c28cb7773a4cd6b3028d1
63,dcc462dca7a80eafc71df06bcdaef565
64,bfd3d2de68fce91afb64d1c32072ca5b
65,71c11d8eeda3d79adafb3c315cfd9ad2
66,20b3b0df2cedf3ba2e71f79b2771c1c6
67,7dcf6c17bd95a0be817ecd131314a773
68,28663ca773c9fbc7afad2f697f884b11
69,7b73ea10dd5c32068f4f98a2fdd40163
70,5c63fdb2a4f4fee81f5e0d75de06f16e
71,99e13b29ff00b4f49d4db50bd903dcdd
72,431c72a0c7dd450ae5b6a83c71c924f7
73,ae0db4d6b5bb78e04596270648e276da
74,48c8dcaae3904120f24821bb609abd6f
75,9b88fceb2ba99307698a705c230ea181
76,f981ff00817e74465caee82155527cd1
77,ea7bb695e3ef0beb12086db58b74b8dd
78,b441724c1293ec8f827f015d2e7debe6
79,19678e4db6da9db44a58ed469143c4e7
80,d89e84f3c1c7e35a9a5deeb1e1f2ada2
81,6ab716aab806d656335bb63b6c6e47d5
82,715aaaeba9d31c747edab1f45515e7fe
83,12f8990ead791e91adc11e9daabf1115
84,7cc175ebe5b1e87fd93cf23ad7a0039a
85,dd34d5d1db19292ba168a28a65051451
86,4009505e5dc1636735ddccab1410a192
87,491ba2a81924fe153d794fc57d64ddde
88,da786223984a8bbbd19fbea1b11c7f8b
89,02c47a28f5a993b2b9139a845c99cd78
90,875c9bc5ba8c77b72852da26cd8da9ff
91,009663b3b8ef211f828c01ce4d64c970
92,90db4b70ff00eae352e71d70067f5a82
93,7d4f4e899a19ef6d95beeb234ab9fc46
94,78a86e275d416da3811dede6b903cf68
95,cf9526ccbb056e8d8da01c71cd70be69
96,3bb3c39fb4ab3e692d0b3610bc56fbe6
97,03cf98f9929ff68f6fc0607e14a15df5
98,267ff9671c5b54ff00b4c72dfa2afe75
99,6090016f4e4f19a6a642fcc42faf3d3f
100,fd559df530e66db6433edfb5da73f387
101,727fddd87f4cedfd2abdfdbb47baf6dc
102,482441fbd543cc883d3b6e1d47e4720d
103,4ca938bf4b89a32914f6fbad37752a18
104,ef383d3398cfd0afb8a9f7626d991f30
105,dcbd7391c1fe63f5a7b1a4a32a524995
106,5678e64482e847245700797201fbb973
107,c804766f6efdbd0401e7d29c406396e2
108,d9c85b7dbcbab9e919cf507a29fa0e78
109,a96cedf097d64f016b685d48ca9d8a92
110,6485f6f98301f4e288e16749f4eba0d2
111,c0c8764ac7964f463fde071cf7e0f515
112,6ad7d76345ca9ebb1d6c3f097c45afd8
113,7fc4d352b4d1f2c1920860fb44a98e99
114,7dc006f75fcebd8f4cb6b8b3d2ed6dae
115,eecdddc4512a4b705369958000b63b64
116,f38ae4be19788e7d6b4092cafe5326a7
117,a5b8b79d9baca98cc721cff797f506bb
118,8aee8a49687b54e318c572ec2d148082
119,38a5aa340a28a2800ae22e3e18e8ba97
120,88eff59d565babd6bc9039b6793642a1
121,542a821705b017b9c7b576f45026afb9
122,9d69a1e95616cb6f69a6da410afdd48e
123,15503f215e71f168aaeb1e1c854050b1
124,dd3803a7fcb21fd6bd62bcafe2f44dfd
125,a5e1ab80a7686b988b7a128ac07fe386
126,b3a9f0331c42bd2958e07fd64db78d91
127,9c9e872dd40fc3afe47b56df873465d6
128,1afafef101d1b4b567b92dc89e445dde
129,57ba8e0b7ae42fad66d8e9b77adeab6d
130,a369ee23b8b9259e6c67c888637c9ef8
131,c8007a903a57b5cfe1cb483c1973e1fb
132,002dad5ace4b64206eda19482c7d4f24
133,9f535cf4695fde6706070fccd5496c79
134,2788ed66d416defad373fd8ad27be283
135,abc61a10e31ebb1cb7d54563b36f48a5
136,88874dc186d390c08c67f5cfe15e85e0
137,8c378834be383a3cdc1f76b6ae335dd1
138,1fc2be249f482856c65dd3e9efce0c59
139,f9a3cfaa138ebf74ad4285e9dd1d59ad
140,1e67ed23d0d9f002c12f8d05b4aab245
141,79a65c45342e015608f115cffdfc9056
142,cf88fe1add46ef75e1e9164424936372
143,e463fdc939c7d181fa81c562fc3689e6
144,f88af2803cbb7d29c939fe279531fa21
145,aee35ff887a668f71259daa3ea17b192
146,ae913011c6c3b3b9e01f60091dc57441
147,45d35cc4d28c25417b43ce3c2f7579e1
148,cf8851417f05de9136a56d2597fa4a6d
149,469b21a2656e51ce4951827ef5741a2f
150,c50d56d5845e22b28e540c56592d176c
151,9011c32b21243904104a9078e14d676a
152,1f1275fbb99a385e0b41c622b6844922
153,1f52f27cb8eb8caae6b8dbcb8babad42
154,69e69269eea79773157451bb1c96c478
155,53b79f972703dea7da25a4590f111825
156,1a6f63d6bc2baf9d5bc7dac4b6773e76
157,99711864f9b20b47b50327b361ce7b8d
158,b5e819af98608aff004e9a464d45fc8e
159,5594061f293bfe6dacbb87cde840c038
160,ee342d754d4f4ebaf96f25b58f761440
161,eea0fa02c1873c8e0a8193c669aac914
162,b1918efa9f47e68af27f0d78d7c4935e
163,0b45886afb7864202bae4f19751851fe
164,f039f5ef5eac84b282c307d2b68c9495
165,d1d74ea2a8ae87d1451546815c4fc52d
166,2a4d47c1171710a6f9f4d916f91738dc
167,23e5c7e285c576b484023047149ab89a
168,bab33cefe13e9719d2ef75f255defa63
169,0c2e082043112a00fabf987df23d2bb0
170,f135dbd8784f58bc8ce1e0b19a453e85
171,5188fe553691a4d9e85a5c3a6e9f1795
172,690e7cb4ce7682c5b1cfb93593f10a4f
173,2fe1df888e396d3e641f5642a3f9d249
174,2561422a292472fe1189e0f1269049c6
175,cb296023dc88cffed3fd2ba9f1a785a2
176,f15e88d6a1fc9bd81bceb4b8c7fab947
177,4cfaa9e847a1ae5b46736fafe925dd9c
178,7da48691c0070d1c8a3a003ef328e95e
179,9bc115861ace0746223ef6bd8f2bf85f
180,a35fc89e257d4a0b9b09a431d83283b5
181,d19159999187bcb90c3eb585e32f0b69
182,de1692d2cf4ad4a7dd22333c13aabf95
183,18fe3df81824f186ce793fc273ee1c0e
184,2bcaaf3c17af78a3c51a85f5f451595a
185,4d294469c877f297e5401149c8382dc9
186,5c163c1ad671f76c91c15a9feef9628f
187,3bf9822c76fba312b92adfc67bb3b64e
188,7f3e492b9c722ac8f2e0f2915582efd8
189,01eb93ce492724923af7dd9f7ae9fc67
190,a358687a94367671399a3b55713c8d96
191,7decf9cffdfb4e9c0e78e6b3b46d2d26
192,492f5edd1ac6d49b70ac9905d909207d
193,1383ff005d07a571ca2d3b1e7470f29d
194,5548cb5043c819837987238e3a05c7e8
195,3f3a8a103cb92db1bd633b70cbd63238
196,fc81c67bed3eb5b3aee8efa54b6f244c
197,64b3bc8c4f6736e243a95ced27b919ef
198,d461bae71b3e01d0b4af105e6ab1ea36
199,6b384b783cb724a3c7b8cb9c32e1973c
200,6403d8511a6dbe5338e1e5ed7d9bd0d9
201,f879e282d3ae857ae092a5aca463cb01
202,cb4649e4903247b023f8727d26b8d97e
203,1ce9b15f5bdee977579617304c928225
204,332b6d23208724804654e08e09aec803
205,eb5db04d2b33d9a319463690b4514559
206,a8514514005725f112545f0a8b76dc45
207,ddf5adb90a324869d3763fe021abadae
208,0fe2479973fd81a7c1208e592fdae831
209,52c02c10c9272011c6e0a3a8ebd475a9
210,96c38ee728dacb4174b2cfa4dfb5bc2e
211,2e5644553bbca224e46edca494c00473
212,91ee07b22105411d0f4af25b64bc8e63
213,24f770ca87f812df6007dbe7381ec727
214,debd07c2572d73e17b1f325f365810db
215,4aff00de78c98d8fe2549fc6b930925a
216,c51d3898bd19b948140e82968aed394f
217,37f88ba1ea7aa6bfa30d36dcc8678a58
218,2490afc911050ab39ec00321f7231dea
219,f6b9a343a1f84acb4cb3c9589d8977c6
220,e918ab6e76c772c493f5aee48e6b89f1
221,bde4716a36114b71047179526f591802
222,c58aedc64f3f75b3f5158d54945b1d1a
223,6bda732dd9a379a4d9f8a7c176f6f184
224,449ada39ad64551fba6da0a30fcf18ee
225,091deb07e15584b1d9ea5a94c9b0dc48
226,902aeedd81183919f67775ff0080d753
227,e118fc9f07e8d0eedde5594511206325
228,5029fe55ad1431c11ec891510670aa30
229,055a4b4644a9a73e6ea4b45145594145
230,145001451450025705e376917c51a3b4
231,7079c63d3af9c26f0b92cd047d4f1d24
232,35d9dc5f436dc3b7cdd315c578c2e026
233,a9a56a92ed8ed1166b19e463c4626d85
234,1c9eca2489013db7571d4c5d24fd9df5
235,34841dd36b439a8e4d6d9d44b6da72c7
236,bb922e1d8edf4c141f9e7f0aebfc0976
237,12eb57d30eecc724776b9e816452b81f
238,f0289c9ff7ab9774d452ec46cb6cb16f
239,c3e4b6f451fcc9fc31fed569f872e4db
240,f8c64f28063fd9edf6803f84f98be567
241,ebfbec7d0d7252a8a949ca5a23b2bc79
242,a07a552d64aea3283f32a91ed5236a7f
243,dd8f9f735b2cd30cd5ee727b19f6344d
244,7997882f22bad7af254bd116d6f21644
245,651954e0af39e9217fcebb77d4a51f31
246,28ab9eff00febaf326d4243b3ed0b651
247,5c16f32f2396eb679121396e36907966
248,e4900f51906b396369d756a66b469b8b
249,bc8f40f051b81a0bc57323492c7753e5
250,9ba956919d7ff1d75f6ae8eb8cf0ec8f
251,63a6b3a43f678a57dc912c78f9155635
252,3b7195dc10360e08dd83839ae9ad6fd2
253,6003901b1c7a1ad696614653f677b346
254,53a525a97a8a4041a5aef4d3d8c828a2
255,8a602556bc91e280b26739c67d2acd21
256,19eb59d5839c1c53b5c69d9dce6dd4bc
257,8ac00620f563fe79a74b6ab710bc5341
258,e6c522957474dcaca460820f0463b574
259,3b141e1452e0578b1c99deee7a9d0f11
260,d2c79b8f0269d1623b7bfd5aded40005
261,b457adb140e814905d47b2b015b1a669
262,5a7e8901b7b1b7f2c3bee76cb3bc8dfd
263,e77392df527dabae68a371f3203f5151
264,fd8adc9ff54b455cb7113f779ee81568
265,f63108cf04647a501428f9540f61c56e
266,8b687fe79afe54bf6787fe79a7fdf22b
267,15924edf115f595d8e787cec18a3a91e
268,adc7e40d39a28d995d914b2fdd62391f
269,8d6e359c0c3fd5a8fa7150b69d131e0b
270,0f606b396515e3f0b1ac445ee63bc492
271,2e1b2075e18aff002a72a8550a3a0181
272,9e6b57fb362c6373e7d69574d881cb33
273,1fc6b3594e26e3fac44834d2fe6b0c9d
274,807e15ab51c712c6b845da3da9f5f458
275,4a12a349424eece49cb99dcfffd90000
